BestTaxon,Class,MFU-ENC_MFU-R1.fastq.gz,MFU-ENC4A_MFU-R1.fastq.gz,MFU-ENC5B_MFU-R1.fastq.gz,MFU-ENC6C_MFU-R1.fastq.gz,MFU-FHL001_MFU,MFU-FHL002_MFU,MFU-FHL003_MFU,MFU-FHL004_MFU,MFU-FHL005_MFU,MFU-FHL006_MFU,MFU-FHL008_MFU,MFU-FHL009_MFU,MFU-FHL010_MFU,MFU-FHL011_MFU,MFU-FHL012_MFU,MFU-FHL013_MFU,MFU-FHL015_MFU,MFU-FHL016_MFU,MFU-FHL017_MFU,MFU-FHL018_MFU,MFU-FHL019_MFU,MFU-FHL020_MFU,MFU-FHL021_MFU,MFU-FHL022_MFU,MFU-FHL023_MFU,MFU-FHL024_MFU,MFU-FHL025_MFU,MFU-FHL026_MFU,MFU-FHL027_MFU,MFU-FHL029_MFU,MFU-FHL030_MFU,MFU-FHL031_MFU,MFU-FHL032_MFU,MFU-FHL033_MFU,MFU-FHL034_MFU,MFU-FHL036_MFU,MFU-FHL037_MFU,MFU-FHL038_MFU,MFU-FHL039_MFU,MFU-FHL040_MFU,MFU-FHL041_MFU,MFU-FHL042_MFU,MFU-FHL043_MFU,MFU-FHL044_MFU,MFU-FHL045_MFU,MFU-FHL047_MFU,MFU-FHL048_MFU,MFU-FHL049_MFU,MFU-FHL050_MFU,MFU-FHL051_MFU,MFU-FHL052_MFU,MFU-FHL053_MFU,MFU-FHL054_MFU,MFU-FHL055_MFU,MFU-FHL056_MFU,MFU-FHL058_MFU,MFU-FHL059_MFU,MFU-FHL060_MFU,MFU-FHL061_MFU,MFU-FHL062_MFU,MFU-FHL063_MFU,MFU-FHL064_MFU,MFU-FHL065_MFU,MFU-FHL066_MFU,MFU-FHL067_MFU,MFU-FHL068_MFU,MFU-FHL069_MFU,MFU-FHL070_MFU,MFU-FHL071_MFU,MFU-FHL072_MFU,MFU-FHL073_MFU,MFU-FHL074_MFU,MFU-FHL075_MFU,MFU-FHL076_MFU,MFU-FHL077_MFU,MFU-FHL078_MFU,MFU-FHL079_MFU,MFU-FHL080_MFU,MFU-FHL081_MFU,MFU-FHL082_MFU,MFU-FHL083_MFU,MFU-FHL084_MFU,MFU-FHL085_MFU,MFU-FHL086_MFU,MFU-FHL087_MFU,MFU-FHL088_MFU,MFU-FHL089_MFU,MFU-FHL092_MFU,MFU-FHL093_MFU,MFU-FHL094_MFU,MFU-FHL095_MFU,MFU-FHL096_MFU,MFU-FHL097_MFU,MFU-PCRNa_MFU-R1.fastq.gz,MFU-PCRNb_MFU-R1.fastq.gz
Apodichthys flavidus,Actinopteri,0,61,142,495,163,0,11,0,0,277,979,132,568,1502,1076,475,0,140,722,368,484,0,0,203,236,328,182,38,150,0,0,731,46,210,113,85,74,215,102,13,0,0,150,0,52,57,0,224,0,576,96,592,329,232,13,273,324,166,0,0,0,0,606,198,836,194,713,79,0,871,1010,297,0,75,0,0,11,340,1219,0,0,0,199,1299,196,192,684,434,43,1930,130,777,350,242,549
Citharichthys sordidus,Actinopteri,0,129,22,0,0,0,0,0,0,0,0,0,150,100,165,157,0,0,0,0,113,154,0,0,0,0,101,0,0,0,0,0,0,0,0,0,0,0,0,0,0,197,0,0,0,88,0,0,0,0,0,0,0,0,23,575,0,214,0,0,0,0,0,140,0,0,0,177,0,19,171,0,175,0,0,0,0,0,150,0,0,0,0,0,325,0,0,0,72,492,0,0,0,0,146
Clupea pallasii,Actinopteri,0,4433,3524,5057,8670,4399,809,9996,10554,8892,4647,1679,11045,11466,13393,7237,7601,5381,14209,9586,5346,7097,3100,12018,11844,11311,14909,10185,13493,5390,5026,23598,7730,18848,21029,3260,36399,5258,5933,5337,9040,6465,8852,7879,1497,8806,12179,14281,5048,15040,20791,14494,18988,6242,4451,8494,12176,10176,9671,6619,12274,2442,22744,23637,18872,15064,23852,20046,0,10164,20042,21829,13980,10980,11236,210,676,4989,8655,7260,2082,2899,8299,22201,17213,17342,23490,22305,2162,20984,13134,10122,12199,6040,3394
Homo sapiens,Mammalia,34,22,6,2,64,0,0,0,4,9,69,2,20,0,0,11,0,18,0,9,0,12,0,0,10,5,0,0,0,0,0,0,0,23,0,12,0,0,0,0,0,0,0,31,0,0,0,0,202,0,0,0,0,14,0,0,0,0,6,0,0,7,0,0,0,0,0,0,0,0,0,0,0,75,0,145,0,0,0,204,0,0,0,0,9,0,0,0,0,30,0,18,0,8,0
Hypomesus,Actinopteri,0,38,218,198,0,0,0,0,25,0,66,11,378,160,641,56,0,0,147,0,0,0,0,156,194,281,64,76,192,0,0,37,10,108,0,0,0,110,0,0,0,0,93,188,20,132,156,67,0,0,0,0,0,0,0,0,149,0,486,127,517,0,0,0,0,0,67,0,0,16,0,0,25,19,165,0,0,0,0,0,0,0,0,0,119,0,0,0,0,0,0,0,22,346,0
Lumpenus sagitta,Actinopteri,0,115,0,66,0,157,56,436,102,430,300,38,112,418,66,70,620,0,87,156,0,150,126,122,82,62,0,0,0,0,0,0,25,377,0,96,344,246,151,371,0,431,0,0,38,0,0,54,0,34,32,0,339,0,14,0,463,485,120,175,217,0,0,65,0,82,43,0,0,183,179,123,385,47,71,0,0,0,0,0,0,0,0,173,243,0,0,0,0,333,0,127,138,0,56
Myoxocephalus,Actinopteri,0,72,0,84,167,133,15,469,283,115,155,15,415,920,279,65,35,79,306,420,0,0,255,281,320,82,127,31,0,0,0,79,82,391,598,130,214,743,34,383,80,270,310,186,42,0,129,172,0,71,196,0,154,213,30,61,487,350,204,160,436,173,1154,0,158,50,0,7,0,176,691,543,626,115,110,0,0,0,0,179,0,0,0,202,162,0,171,206,27,286,149,170,33,177,0
Oligocottus,Actinopteri,0,54,0,57,0,0,0,104,82,241,95,0,123,242,69,44,0,0,0,222,0,0,0,123,171,491,1515,92,43,66,0,0,23,48,124,0,40,0,0,0,44,0,0,0,0,161,264,376,0,248,196,53,94,118,0,4,183,91,278,284,310,0,0,0,0,0,0,0,0,6,13,135,574,192,0,0,0,0,0,0,0,0,0,47,112,0,40,0,0,0,0,0,44,0,0
Oncorhynchus,Actinopteri,127,74,0,0,0,0,0,0,0,0,0,0,0,0,0,0,0,0,0,246,0,63,0,1782,2895,2564,1451,613,981,0,78,0,0,0,0,0,0,0,0,0,0,0,0,0,0,0,0,0,0,0,0,0,0,0,0,0,0,0,0,0,0,0,0,0,0,0,0,0,0,38,68,0,184,116,44,0,0,0,0,174,0,0,0,0,0,0,0,0,0,156,0,0,162,0,0
Oncorhynchus gorbuscha,Actinopteri,0,217,0,460,0,0,0,0,31,0,2764,0,252,996,625,88,0,0,84,170,0,0,0,0,0,0,0,0,0,0,0,0,0,85,0,0,0,0,38,0,0,211,0,0,0,0,0,0,133,0,0,139,170,167,0,116,242,200,140,42,0,0,0,0,0,207,112,156,0,0,141,2194,452,412,92,0,0,0,0,376,33,174,0,0,0,0,0,0,0,1608,297,89,345,159,0
Pholis laeta,Actinopteri,0,82,30,179,103,234,0,329,315,241,0,0,148,179,225,182,0,43,0,0,0,0,104,309,284,589,361,203,115,233,144,1374,141,1422,389,70,415,302,83,182,113,923,458,186,77,104,142,223,0,599,457,102,622,103,91,531,431,88,591,48,747,0,0,72,0,322,178,0,0,154,319,379,468,185,186,0,0,0,1728,0,0,0,415,738,623,840,390,193,45,135,0,618,251,103,104
Pholis ornata,Actinopteri,0,111,49,538,0,0,0,760,537,1068,54,72,179,1183,465,230,400,144,538,457,110,420,123,508,356,193,92,336,377,377,0,931,237,866,470,72,1272,517,490,1129,698,432,523,195,90,273,356,619,0,472,636,860,354,369,59,1103,1168,350,996,804,1721,0,0,0,0,142,0,376,0,687,1329,1860,1693,392,652,0,0,299,0,177,0,0,317,153,1339,510,609,685,0,153,0,496,302,316,62
Phytichthys chirus,Actinopteri,0,67,137,0,0,247,0,0,0,0,358,175,0,558,1186,77,0,340,265,0,50,0,0,177,623,879,176,49,71,225,31,1458,154,166,78,142,0,0,0,0,69,0,131,0,0,0,0,0,573,0,0,0,0,0,51,0,210,0,0,0,0,43,395,864,482,884,1325,157,0,306,0,718,158,0,0,0,9,421,0,0,0,0,366,437,792,194,691,342,50,557,264,270,0,71,856
Pleuronichthys coenosus,Actinopteri,0,189,69,205,0,125,0,0,0,0,0,2,0,222,0,173,0,0,0,0,0,0,0,46,0,0,0,0,0,0,0,0,0,0,213,0,0,0,63,0,103,0,0,0,28,0,0,0,0,0,0,0,0,0,0,0,0,0,64,0,0,0,80,141,766,53,0,0,0,0,0,0,0,0,0,0,0,0,0,0,0,0,0,0,0,0,0,0,0,161,0,0,0,0,263
Sebastes,Actinopteri,0,92,24,95,0,0,0,63,0,0,112,0,148,519,43,0,0,186,0,393,57,466,0,0,0,211,75,0,19,0,23,1517,50,338,0,0,0,0,279,0,127,3,161,0,0,0,63,0,0,213,215,1440,923,281,106,865,0,0,0,0,630,0,59,0,177,0,107,422,0,269,417,462,238,0,146,0,5,0,171,0,0,123,40,0,184,0,237,118,0,131,2452,173,275,0,0
Xiphister,Actinopteri,0,26,16,40,180,104,0,703,432,830,0,0,0,260,69,123,0,58,362,167,0,0,246,516,509,412,401,183,111,0,0,504,108,572,331,0,104,427,272,297,657,772,213,3118,48,316,65,563,0,472,670,861,555,311,34,700,616,0,596,180,179,0,0,0,0,92,162,0,0,81,0,1034,246,113,52,0,0,0,0,0,0,0,48,597,517,107,92,276,0,0,0,320,304,50,103
NA,NA,1020,4376,968,2160,18538,12692,3288,14547,4181,11866,16102,20258,13379,10643,8298,10943,16277,12548,9923,16663,6931,8471,3359,12906,14386,11620,8916,23731,11262,1196,6809,2567,4872,4582,6798,1899,5865,12833,13528,14535,9126,15802,19997,18541,23827,15549,14951,13314,4833,6148,1927,2258,4792,6058,1458,4738,10432,9795,9291,19140,10234,4053,13207,6127,7052,8135,2747,7394,2793,744,4632,6679,5806,12421,19497,5667,30,2165,6217,10317,19675,17492,17918,4218,4627,7654,3147,706,985,4551,6977,1637,3886,2995,2839
Anoplarchus,Actinopteri,0,0,17,101,0,0,0,611,0,586,0,0,769,192,153,0,0,305,75,338,205,0,120,147,81,110,90,79,0,0,0,521,0,872,217,0,30,889,0,310,118,0,165,591,56,0,395,138,0,85,243,182,0,228,22,333,233,217,58,241,427,67,118,0,201,0,40,0,0,52,224,560,569,93,120,0,0,0,0,0,38,0,0,0,0,29,225,61,0,63,175,118,113,85,0
Artedius fenestralis,Actinopteri,0,0,27,0,0,156,0,0,89,127,0,0,0,0,0,59,0,0,0,0,0,0,0,142,0,71,0,0,148,0,0,0,0,0,111,0,631,608,0,0,0,0,0,0,0,0,0,88,0,248,51,0,167,0,21,436,273,0,0,0,0,0,0,181,0,0,0,0,0,52,1227,97,175,503,0,0,0,0,0,0,0,0,93,244,0,206,535,0,0,0,0,235,65,0,0
Artedius harringtoni,Actinopteri,0,0,375,759,0,0,0,445,381,128,0,84,9,861,1302,625,0,356,406,0,0,465,0,128,127,0,358,0,13,0,0,389,0,678,0,0,262,0,16,66,941,476,0,0,0,0,185,0,329,232,0,0,0,192,54,331,0,0,0,0,0,0,881,466,925,884,2221,1889,0,51,410,600,56,79,117,0,20,0,201,0,193,0,58,68,266,357,302,357,0,489,194,0,1035,0,261
Citharichthys stigmaeus,Actinopteri,0,0,46,445,168,53,4,0,0,108,262,11,0,639,783,269,0,100,358,0,51,0,0,134,0,344,0,0,84,89,0,354,71,0,110,94,0,0,91,297,175,0,0,0,0,0,0,75,0,180,191,0,460,0,19,0,0,0,0,0,101,0,127,341,0,282,0,0,0,169,1589,123,0,113,370,0,7,1876,543,0,0,0,0,0,0,0,0,50,113,328,0,94,385,0,0
Hydrolagus colliei,Chondrichthyes,0,0,9,0,94,0,0,0,171,0,0,0,0,0,100,0,0,0,0,0,0,0,0,0,53,0,0,0,0,35,0,0,0,0,0,0,0,0,25,0,0,0,0,0,0,21,0,0,0,0,0,49,0,0,0,21,0,0,28,0,0,107,0,0,0,0,0,0,0,0,0,0,0,0,0,0,0,95,0,0,0,0,0,55,0,0,0,0,0,0,0,0,0,0,0
Leptocottus armatus,Actinopteri,0,0,13,0,150,0,0,0,0,55,0,0,0,0,0,0,0,0,0,0,0,0,0,347,2141,235,0,89,107,50,0,368,0,135,0,72,66,0,0,104,67,175,152,0,0,137,340,427,0,432,149,122,162,0,0,167,0,189,167,0,0,0,0,0,0,0,104,0,0,148,0,148,95,81,85,0,0,0,0,0,0,0,0,55,387,0,92,0,0,143,0,0,171,175,0
Liparis florae,Actinopteri,0,0,105,713,213,366,19,204,0,0,0,22,0,954,374,130,0,0,0,0,0,0,21,0,0,0,0,0,0,0,0,0,0,0,0,59,0,0,0,0,0,0,0,0,0,0,0,0,18,0,0,0,0,0,0,0,0,0,0,0,0,60,0,0,0,0,0,0,0,0,0,0,0,0,0,0,0,0,0,0,0,0,0,0,0,0,0,0,0,0,0,0,0,0,0
Nautichthys oculofasciatus,Actinopteri,0,0,21,0,0,0,0,0,0,0,0,0,0,0,0,0,0,0,0,0,0,0,56,0,0,0,0,0,0,0,0,377,0,0,0,0,0,0,0,37,0,0,0,0,0,0,0,0,0,120,0,0,355,0,0,0,0,0,0,0,0,0,0,0,0,0,0,85,0,0,0,0,0,0,0,0,0,0,0,0,0,0,99,0,0,132,0,0,0,0,165,254,408,0,0
Oncorhynchus keta,Actinopteri,0,0,80,134,0,0,0,0,0,0,629,453,624,869,509,86,0,0,0,0,0,0,0,495,0,422,0,231,134,0,0,88,21,172,59,84,0,0,0,0,77,268,390,273,0,236,66,175,0,74,30,0,83,81,0,6765,490,396,0,131,537,0,52,128,189,0,0,0,0,109,0,69,167,33,0,0,0,0,0,386,0,0,0,0,0,0,0,0,70,418,303,0,143,195,664
Artedius lateralis,Actinopteri,0,0,0,114,0,0,0,61,0,0,73,0,0,0,0,0,0,0,410,0,0,0,0,62,60,287,0,0,0,0,0,0,0,0,0,0,0,0,0,148,21,0,0,234,0,0,0,0,0,87,20,0,117,49,0,0,0,0,0,0,0,0,19,0,0,228,59,0,0,0,138,455,0,0,0,0,0,0,169,0,0,0,65,105,0,0,0,55,0,241,2263,286,814,0,0
Enophrys bison,Actinopteri,0,0,0,29,0,0,0,0,0,0,0,0,0,0,0,0,0,0,0,0,0,66,0,0,0,0,0,0,46,0,0,0,39,0,0,0,0,0,0,0,51,0,0,105,18,0,0,0,0,0,0,0,0,0,0,0,0,0,88,0,0,0,0,0,0,0,0,0,0,0,0,0,0,42,0,0,0,0,0,0,0,0,0,0,0,0,0,0,0,0,0,0,58,0,0
Gadus,Actinopteri,0,0,0,120,853,125,34,1104,642,2517,0,12,148,548,87,0,144,0,1322,375,224,384,577,85,844,137,117,0,0,0,0,380,0,0,0,1038,319,510,664,1010,1485,1612,153,0,0,10,0,0,494,650,387,189,0,151,0,142,321,524,62,157,0,171,366,649,459,811,2031,1650,0,28,514,212,240,102,84,0,0,547,307,428,205,278,0,0,0,0,0,96,0,985,0,1279,644,0,77
Odontopyxis trispinosa,Actinopteri,0,0,0,58,0,0,0,0,0,0,0,0,0,0,0,0,0,0,0,0,0,0,0,0,0,0,0,0,0,0,0,0,0,0,0,0,105,0,0,0,0,0,0,0,0,0,0,0,0,0,0,0,0,0,0,0,0,0,0,0,0,0,0,0,0,0,0,0,0,28,0,0,0,0,0,0,0,0,0,0,0,0,0,0,0,0,51,0,0,0,0,0,0,0,0
Pholis,Actinopteri,0,0,0,179,0,0,14,147,0,0,0,0,0,610,0,0,0,0,0,0,104,0,48,0,0,0,0,62,54,0,0,85,0,0,0,76,174,0,0,254,0,47,0,0,0,0,0,0,0,0,0,0,0,0,0,0,27,0,0,189,0,0,0,0,0,0,0,0,0,0,120,0,0,81,0,0,0,0,0,291,0,0,0,92,0,0,77,0,0,0,0,0,0,77,0
Gadus chalcogrammus,Actinopteri,0,0,0,0,186,0,0,192,84,66,0,0,0,0,0,0,0,0,0,0,0,0,74,0,0,0,0,670,0,0,0,0,0,0,0,0,1090,0,114,0,0,0,0,0,0,0,0,0,0,0,0,87,0,0,0,65,0,0,0,0,0,0,0,134,0,0,0,0,0,0,0,0,0,0,44,0,0,0,0,0,87,0,0,0,161,0,0,0,0,0,0,85,204,0,0
Liparis,Actinopteri,0,0,0,0,195,0,0,0,37,0,0,0,0,0,0,35,0,0,0,0,0,0,0,0,75,0,0,0,0,0,0,0,0,0,0,0,0,9,0,0,129,0,63,0,0,0,0,0,0,0,0,0,0,0,0,0,0,0,0,0,0,0,0,0,0,0,0,0,0,0,0,0,0,0,111,0,0,0,0,0,0,0,0,0,0,0,0,0,0,0,0,0,0,0,0
Pleuronectidae,Actinopteri,0,0,0,0,169,124,0,803,72,0,0,0,0,0,0,0,129,0,85,0,0,0,60,0,183,0,0,0,38,160,0,41,0,0,53,0,0,97,48,0,156,89,0,0,0,0,0,0,0,0,0,0,0,0,0,0,478,205,392,0,121,26,0,0,0,0,0,0,0,0,63,0,0,0,0,0,0,0,0,0,0,0,0,187,0,23,62,0,24,160,0,0,0,0,0
Stichaeidae,Actinopteri,0,0,0,0,183,0,0,0,0,0,0,0,0,0,0,0,0,0,0,0,0,90,0,0,0,0,0,0,0,125,0,0,0,0,0,0,0,0,0,0,0,682,0,0,0,0,0,0,0,0,0,0,0,0,0,0,0,0,60,0,0,0,0,0,0,0,0,151,0,0,0,0,0,0,0,0,0,0,0,0,0,0,0,0,0,0,0,0,0,58,0,0,0,0,0
Icelinus borealis,Actinopteri,0,0,0,0,0,0,12,168,0,130,0,0,0,0,0,0,0,0,0,0,90,0,19,0,0,0,0,0,0,0,0,0,33,0,0,0,0,0,8,0,0,0,0,0,0,0,0,0,85,0,0,0,0,0,0,0,0,0,0,92,0,0,819,0,0,92,0,0,0,38,0,0,0,0,0,0,12,0,0,0,0,0,35,0,0,0,0,0,0,0,0,0,55,0,0
Ammodytes,Actinopteri,0,0,0,0,0,0,0,134,93,0,0,62,0,0,0,0,0,0,0,0,0,0,30,0,0,0,0,0,0,0,0,0,0,0,0,90,70,0,78,0,0,0,0,0,0,0,0,0,0,0,63,115,0,0,0,0,0,0,0,0,0,71,0,60,0,0,0,0,0,0,0,0,1060,0,0,0,0,0,0,0,0,0,0,109,0,0,0,0,0,0,0,69,79,0,0
Blepsias cirrhosus,Actinopteri,0,0,0,0,0,0,0,193,0,0,0,0,0,0,0,0,0,0,0,0,0,0,0,0,0,0,0,0,58,0,0,0,0,0,0,0,0,0,0,0,0,208,0,0,30,0,0,0,0,0,39,126,175,100,7,0,0,0,0,0,0,0,34,0,0,0,0,0,0,0,0,0,0,0,0,0,0,104,0,448,0,0,0,0,0,0,98,0,0,0,0,0,134,0,0
Hexagrammos,Actinopteri,0,0,0,0,0,0,0,141,36,0,0,0,0,0,72,67,0,0,0,0,0,0,59,0,93,0,129,0,0,0,0,0,25,77,0,0,0,0,0,0,0,0,0,0,25,0,0,0,0,100,68,233,0,0,20,0,30,161,0,78,0,0,0,0,0,0,73,0,0,0,0,0,0,37,0,0,0,0,0,0,0,0,0,50,0,96,0,0,0,0,0,0,0,0,0
Ascelichthys rhodorus,Actinopteri,0,0,0,0,0,0,0,0,89,0,0,0,0,0,0,0,159,0,0,0,0,132,0,0,103,0,0,0,0,0,0,0,0,0,0,0,0,0,0,0,101,205,74,0,0,0,0,136,0,0,42,0,0,73,0,0,0,0,42,0,0,0,0,0,0,0,0,0,0,0,0,0,0,0,0,0,0,0,0,0,0,0,0,0,0,0,0,0,0,0,0,46,0,0,0
Gasterosteus aculeatus,Actinopteri,0,0,0,0,0,0,0,0,50,0,0,0,110,0,0,0,0,0,0,62,0,0,38,0,0,0,0,0,0,0,0,0,0,0,0,0,72,0,0,86,159,0,0,0,0,0,0,267,0,0,7125,0,0,54,9,36,22,0,0,82,173,0,47,0,0,0,0,0,0,0,114,71,0,0,0,0,0,0,0,0,0,0,0,0,0,0,0,0,0,0,0,0,0,0,0
Phoca vitulina,Mammalia,0,0,0,0,0,0,0,0,3,0,0,0,0,0,0,0,0,0,0,10,29,0,0,12,3,3,3,0,0,0,0,0,0,0,0,0,0,0,0,0,0,0,0,0,0,0,12,7,0,0,0,0,0,0,0,0,0,0,0,0,0,0,0,0,0,0,0,0,0,0,0,0,0,0,0,0,0,0,0,0,0,0,0,0,0,0,0,0,0,0,0,0,0,0,0
Agonidae,Actinopteri,0,0,0,0,0,0,0,0,0,148,0,0,0,0,0,0,0,0,0,0,0,0,0,0,0,0,0,0,0,0,0,0,0,0,0,0,0,0,0,0,0,0,0,0,0,0,0,0,0,0,0,0,0,0,0,0,0,0,0,0,0,0,0,0,0,0,0,0,0,0,0,0,0,0,0,0,0,0,0,0,0,0,0,0,0,0,0,0,0,0,0,0,0,0,0
Cryptacanthodes maculatus,Actinopteri,0,0,0,0,0,0,0,0,0,104,0,0,0,0,0,0,0,0,0,0,0,0,0,0,0,0,0,0,0,0,0,0,0,0,0,0,0,0,0,0,0,0,0,0,0,0,0,0,0,0,0,0,0,0,0,0,0,0,0,0,183,0,0,0,0,0,0,0,0,0,0,0,0,0,0,0,0,0,0,0,0,0,0,0,0,0,0,0,0,0,0,0,0,0,0
Eschrichtius robustus,Mammalia,0,0,0,0,0,0,0,0,0,24,0,0,0,0,0,0,0,0,0,0,0,23,0,0,0,0,0,0,0,0,0,0,0,0,0,0,0,0,0,0,0,0,0,0,0,0,0,0,0,0,0,0,0,0,0,0,0,0,0,0,0,0,0,0,0,0,0,0,0,0,0,0,0,0,0,0,0,0,0,0,0,0,0,0,0,0,0,0,0,0,0,0,0,0,0
Hexagrammos decagrammus,Actinopteri,0,0,0,0,0,0,0,0,0,128,0,23,0,0,0,0,0,0,190,0,0,0,0,0,0,0,0,0,0,0,0,0,0,72,64,80,0,0,0,0,0,0,0,0,0,0,0,0,0,0,0,156,0,0,0,0,0,0,0,0,0,0,0,0,0,0,0,0,0,0,0,157,0,0,0,0,0,0,0,0,0,0,83,0,0,0,0,0,0,0,0,56,0,0,0
Ophiodon elongatus,Actinopteri,0,0,0,0,0,0,0,0,0,103,0,0,0,0,0,0,72,0,0,151,91,165,0,0,0,0,0,59,0,90,0,0,0,0,0,0,0,0,0,221,0,0,0,0,0,0,0,61,0,50,0,0,0,0,0,64,0,0,0,0,0,0,0,0,0,0,0,0,0,0,0,0,0,0,0,0,0,0,0,0,0,0,65,63,0,0,0,0,0,0,0,88,0,0,0
Psychrolutes paradoxus,Actinopteri,0,0,0,0,0,0,0,0,0,0,45,0,0,0,0,0,0,42,0,0,0,0,0,0,0,0,0,0,0,0,0,216,0,0,0,0,0,0,0,0,0,0,0,0,0,0,0,0,0,158,0,72,0,0,0,0,0,0,0,0,0,0,0,0,0,0,0,0,0,0,0,0,0,0,0,0,0,0,0,377,0,0,83,0,0,0,0,0,0,35,0,53,0,0,0
Gobiesox maeandricus,Actinopteri,0,0,0,0,0,0,0,0,0,0,0,17,0,0,0,0,0,61,120,0,0,0,0,0,0,0,38,0,30,0,0,0,0,0,0,0,0,0,4,0,0,0,717,0,0,0,0,0,0,0,5,0,121,0,10,0,216,0,0,0,0,0,41,0,0,147,0,0,0,0,0,0,0,0,0,0,0,0,145,0,0,0,0,0,115,0,0,0,0,0,0,81,95,0,0
Sus scrofa,Mammalia,0,0,0,0,0,0,0,0,0,0,0,7,0,0,0,0,0,0,0,0,0,0,0,0,0,0,0,0,0,0,0,0,0,0,0,30,0,0,0,0,0,67,0,0,0,0,0,0,0,0,0,9,0,0,0,0,0,0,0,0,0,0,0,0,0,0,0,0,0,0,0,0,0,0,0,0,0,0,0,0,0,0,0,0,0,0,0,0,0,9,0,0,0,0,0
Gorilla,Mammalia,0,0,0,0,0,0,0,0,0,0,0,0,0,27,0,0,0,0,0,0,0,0,0,0,0,0,0,0,0,0,0,0,0,0,0,0,0,0,0,0,0,0,0,0,0,0,0,0,0,0,0,0,0,0,0,0,0,0,0,0,0,0,0,0,0,0,0,0,0,0,0,0,0,0,0,0,0,0,0,0,0,0,0,0,0,0,0,0,0,0,0,0,0,0,0
Engraulis mordax,Actinopteri,0,0,0,0,0,0,0,0,0,0,0,0,0,0,121,0,0,0,0,0,0,0,0,0,0,0,0,0,0,0,0,0,0,0,0,0,0,0,0,0,0,0,0,0,0,0,0,0,0,0,0,0,0,0,0,0,0,0,0,0,0,0,0,0,0,0,0,0,0,0,0,0,0,0,0,0,0,0,0,0,0,0,0,0,0,0,0,0,0,0,0,0,0,0,0
Hexanchus griseus,Chondrichthyes,0,0,0,0,0,0,0,0,0,0,0,0,0,0,4,0,0,0,0,0,0,0,0,0,0,0,0,0,0,0,0,0,0,0,0,0,0,0,0,0,0,0,0,0,0,0,0,0,0,0,0,0,0,0,0,0,0,0,0,0,0,0,0,0,0,0,0,0,0,0,0,7,0,0,0,0,0,0,0,0,0,0,0,0,0,0,0,0,0,0,0,0,0,0,0
Oncorhynchus tshawytscha,Actinopteri,0,0,0,0,0,0,0,0,0,0,0,0,0,0,157,0,0,0,0,0,0,0,0,0,0,0,0,0,0,0,0,0,0,0,0,0,0,0,0,0,0,0,0,0,19,0,140,0,0,0,0,0,0,0,0,0,0,0,0,0,0,0,0,0,0,102,0,0,0,0,0,137,0,0,0,0,0,0,0,0,0,0,0,0,0,0,0,0,39,0,0,0,187,0,0
Rhamphocottus richardsonii,Actinopteri,0,0,0,0,0,0,0,0,0,0,0,0,0,0,86,0,0,0,0,0,0,0,0,0,0,0,0,0,0,0,0,0,0,0,0,0,39,0,0,0,0,0,0,0,0,0,0,0,0,0,0,0,0,0,0,0,0,0,0,0,0,0,0,0,0,0,0,0,0,0,0,0,0,0,0,0,0,0,0,0,0,0,0,0,0,0,0,0,0,0,0,0,0,0,0
Icichthys lockingtoni,Actinopteri,0,0,0,0,0,0,0,0,0,0,0,0,0,0,0,0,143,0,0,0,0,0,0,0,0,0,0,0,0,0,0,0,0,0,0,0,0,0,0,0,0,0,0,0,0,0,0,0,0,0,0,0,0,0,0,0,0,0,0,0,0,0,0,0,0,0,0,177,0,0,0,0,0,0,0,0,0,0,0,0,0,0,0,0,0,0,0,0,0,0,0,0,0,0,0
Lepidopsetta,Actinopteri,0,0,0,0,0,0,0,0,0,0,0,0,0,0,0,0,0,94,0,0,0,63,0,0,0,0,0,0,0,0,0,281,18,0,0,0,255,262,24,0,0,0,0,0,0,0,0,0,165,34,82,0,0,0,0,0,0,188,0,0,0,93,0,0,0,0,0,0,0,0,0,173,56,0,0,0,0,0,0,0,0,0,0,0,0,80,0,108,0,0,0,0,0,0,0
Aulorhynchus flavidus,Actinopteri,0,0,0,0,0,0,0,0,0,0,0,0,0,0,0,0,0,0,154,0,0,119,0,0,0,0,0,0,0,0,0,161,0,69,0,0,0,0,0,0,0,0,0,0,11,0,0,0,0,93,0,137,0,0,0,77,0,0,0,0,0,0,0,139,0,365,50,567,0,0,0,200,0,91,0,0,0,0,0,0,0,0,0,0,0,0,0,69,0,0,0,65,0,0,0
Scorpaenichthys marmoratus,Actinopteri,0,0,0,0,0,0,0,0,0,0,0,0,0,0,0,0,0,0,164,0,0,0,0,0,0,44,0,0,0,0,0,0,20,0,0,0,89,0,0,0,0,0,0,0,0,0,0,0,0,0,0,0,0,0,0,0,0,0,0,0,0,0,16,0,0,0,0,0,0,0,0,0,0,0,0,0,0,0,0,0,0,0,0,0,0,0,0,64,0,0,0,0,0,0,0
Cryptacanthodes giganteus,Actinopteri,0,0,0,0,0,0,0,0,0,0,0,0,0,0,0,0,0,0,0,104,0,0,0,0,0,0,0,0,0,0,0,0,0,0,0,0,0,0,0,0,0,0,0,0,0,0,0,0,0,0,0,0,0,0,0,0,0,0,0,0,0,0,0,0,0,0,0,0,0,0,0,0,0,0,0,0,0,0,0,0,0,0,0,0,0,0,0,83,0,0,0,0,0,0,0
Podothecus accipenserinus,Actinopteri,0,0,0,0,0,0,0,0,0,0,0,0,0,0,0,0,0,0,0,158,0,0,0,0,0,0,0,0,0,0,0,0,0,0,0,0,0,0,0,0,0,0,0,0,0,0,0,0,0,0,0,0,0,0,0,0,0,0,0,0,0,0,0,0,0,0,0,0,0,0,0,0,0,0,0,0,0,0,0,0,0,0,0,0,0,0,0,0,0,38,0,0,0,0,0
Lycodopsis pacificus,Actinopteri,0,0,0,0,0,0,0,0,0,0,0,0,0,0,0,0,0,0,0,0,0,0,41,0,0,0,0,0,0,0,0,0,0,0,0,0,0,0,0,0,0,0,0,0,0,0,0,0,0,0,0,0,0,0,0,0,0,0,35,0,0,0,61,0,0,0,57,0,0,0,0,0,0,0,0,0,0,0,0,0,0,0,0,39,0,0,0,0,0,0,0,0,0,0,0
Anarrhichthys ocellatus,Actinopteri,0,0,0,0,0,0,0,0,0,0,0,0,0,0,0,0,0,0,0,0,0,0,0,63,0,0,0,0,0,0,0,0,0,0,0,0,0,0,0,0,0,0,0,0,0,0,0,0,0,0,0,0,0,0,0,0,0,0,0,0,0,0,0,0,0,0,0,0,0,0,0,0,0,0,0,0,0,0,0,0,0,0,0,0,0,0,0,0,0,0,144,0,0,0,0
Microgadus proximus,Actinopteri,0,0,0,0,0,0,0,0,0,0,0,0,0,0,0,0,0,0,0,0,0,0,0,34,0,0,0,0,0,0,0,0,0,0,0,0,0,0,0,0,0,0,0,0,0,0,0,0,0,0,0,0,0,0,0,0,259,0,0,0,0,0,0,0,0,0,0,0,0,0,0,0,0,0,0,0,0,0,0,0,0,0,0,0,0,0,0,0,0,0,0,0,0,0,0
Polypera greeni,Actinopteri,0,0,0,0,0,0,0,0,0,0,0,0,0,0,0,0,0,0,0,0,0,0,0,0,0,98,0,0,0,0,0,0,0,0,0,0,0,0,0,0,0,49,0,0,0,0,0,0,0,0,0,0,0,0,0,0,0,0,0,0,0,0,0,0,0,0,0,0,0,0,124,0,0,0,0,0,0,0,0,0,0,0,0,0,0,0,0,0,0,0,0,0,0,0,0
Syngnathus leptorhynchus,Actinopteri,0,0,0,0,0,0,0,0,0,0,0,0,0,0,0,0,0,0,0,0,0,0,0,0,0,54,0,0,0,0,0,0,0,0,0,0,0,0,0,0,0,0,0,0,0,0,0,0,0,0,0,0,0,0,0,0,0,0,0,0,0,0,0,0,0,0,0,0,0,0,0,0,0,0,0,0,0,0,0,0,0,0,0,0,0,0,0,0,0,0,0,0,0,0,0
Eumicrotremus orbis,Actinopteri,0,0,0,0,0,0,0,0,0,0,0,0,0,0,0,0,0,0,0,0,0,0,0,0,0,0,0,0,33,0,0,0,0,0,0,0,0,0,0,0,0,0,0,0,0,0,0,0,0,0,0,0,0,0,0,0,0,0,0,0,0,0,0,0,0,0,0,0,0,0,0,0,0,0,0,0,0,0,0,0,0,0,0,0,0,0,0,0,0,0,0,0,0,0,0
Hemilepidotus hemilepidotus,Actinopteri,0,0,0,0,0,0,0,0,0,0,0,0,0,0,0,0,0,0,0,0,0,0,0,0,0,0,0,0,0,0,143,0,0,0,0,0,0,0,0,0,0,0,0,0,0,0,0,0,0,0,0,0,0,0,0,0,0,0,0,0,0,0,0,0,0,45,0,0,0,0,0,0,0,0,0,0,0,0,0,0,0,0,0,0,0,0,0,0,0,0,0,0,0,0,0
Gadidae,Actinopteri,0,0,0,0,0,0,0,0,0,0,0,0,0,0,0,0,0,0,0,0,0,0,0,0,0,0,0,0,0,0,0,191,0,0,0,0,0,0,0,0,0,0,0,0,0,0,0,0,0,0,0,0,0,0,0,0,0,0,0,0,0,0,0,0,0,0,0,0,0,0,0,0,0,0,0,0,0,0,0,0,0,0,0,0,0,0,0,0,0,0,0,0,0,0,0
Leptoclinus maculatus,Actinopteri,0,0,0,0,0,0,0,0,0,0,0,0,0,0,0,0,0,0,0,0,0,0,0,0,0,0,0,0,0,0,0,0,0,0,0,0,44,0,0,0,0,0,0,0,0,0,0,0,0,0,0,0,0,0,0,0,0,0,0,0,0,0,0,0,0,0,0,0,0,0,0,0,0,0,0,0,0,0,0,0,0,0,0,0,0,0,0,0,0,0,0,0,0,0,0
Eumetopias jubatus,Mammalia,0,0,0,0,0,0,0,0,0,0,0,0,0,0,0,0,0,0,0,0,0,0,0,0,0,0,0,0,0,0,0,0,0,0,0,0,0,0,39,0,0,0,0,0,0,0,0,0,0,0,0,0,0,0,0,0,0,0,0,0,0,0,0,0,0,0,0,0,0,0,0,0,0,0,0,0,0,0,0,0,0,0,0,0,0,0,0,0,0,0,0,0,0,0,0
Agonopsis vulsa,Actinopteri,0,0,0,0,0,0,0,0,0,0,0,0,0,0,0,0,0,0,0,0,0,0,0,0,0,0,0,0,0,0,0,0,0,0,0,0,0,0,0,231,0,0,0,0,0,0,0,170,0,0,0,0,0,0,0,0,0,0,0,0,0,0,0,0,0,0,0,0,0,0,0,0,0,0,0,0,0,0,0,0,0,0,0,0,0,0,0,0,0,268,0,0,0,0,0
Oncorhynchus nerka,Actinopteri,0,0,0,0,0,0,0,0,0,0,0,0,0,0,0,0,0,0,0,0,0,0,0,0,0,0,0,0,0,0,0,0,0,0,0,0,0,0,0,0,0,91,0,0,0,0,0,0,0,0,0,0,0,86,0,209,0,0,0,0,0,0,0,0,0,0,0,0,0,0,0,0,0,0,0,0,0,0,0,0,0,0,0,0,0,0,0,40,0,0,0,0,0,0,0
Triglops pingelii,Actinopteri,0,0,0,0,0,0,0,0,0,0,0,0,0,0,0,0,0,0,0,0,0,0,0,0,0,0,0,0,0,0,0,0,0,0,0,0,0,0,0,0,0,104,0,0,0,0,0,0,0,0,0,0,0,0,0,0,0,0,0,0,0,0,0,0,0,0,0,0,0,0,0,0,0,0,0,0,0,0,0,0,0,0,0,0,0,0,0,0,0,0,0,0,0,0,0
Sebastes mentella,Actinopteri,0,0,0,0,0,0,0,0,0,0,0,0,0,0,0,0,0,0,0,0,0,0,0,0,0,0,0,0,0,0,0,0,0,0,0,0,0,0,0,0,0,0,0,0,0,0,0,0,0,39,0,0,0,0,0,0,0,0,0,0,0,0,0,0,0,0,0,0,0,0,0,0,0,0,0,0,0,0,0,0,0,0,0,0,0,0,0,0,0,0,0,0,0,0,0
Bos taurus,Mammalia,0,0,0,0,0,0,0,0,0,0,0,0,0,0,0,0,0,0,0,0,0,0,0,0,0,0,0,0,0,0,0,0,0,0,0,0,0,0,0,0,0,0,0,0,0,0,0,0,0,0,0,0,0,0,0,0,18,0,0,76,0,0,0,0,0,0,0,0,0,0,0,0,0,0,0,0,0,0,0,0,0,0,0,0,0,0,0,0,0,0,0,0,0,0,0
Liparis fucensis,Actinopteri,0,0,0,0,0,0,0,0,0,0,0,0,0,0,0,0,0,0,0,0,0,0,0,0,0,0,0,0,0,0,0,0,0,0,0,0,0,0,0,0,0,0,0,0,0,0,0,0,0,0,0,0,0,0,0,0,0,47,0,0,0,0,0,0,0,0,0,0,0,0,0,0,0,0,0,0,0,0,0,0,0,0,0,0,0,0,0,0,0,0,0,0,0,0,0
Lyopsetta exilis,Actinopteri,0,0,0,0,0,0,0,0,0,0,0,0,0,0,0,0,0,0,0,0,0,0,0,0,0,0,0,0,0,0,0,0,0,0,0,0,0,0,0,0,0,0,0,0,0,0,0,0,0,0,0,0,0,0,0,0,0,88,0,0,0,0,0,0,0,0,0,0,0,0,0,0,0,0,0,0,0,0,0,0,0,0,0,0,0,0,0,0,0,0,0,0,0,0,0
Phalacrocorax,Aves,0,0,0,0,0,0,0,0,0,0,0,0,0,0,0,0,0,0,0,0,0,0,0,0,0,0,0,0,0,0,0,0,0,0,0,0,0,0,0,0,0,0,0,0,0,0,0,0,0,0,0,0,0,0,0,0,0,0,0,0,0,6,0,0,0,0,0,0,0,0,0,0,0,0,0,0,0,0,0,0,0,0,0,0,0,0,0,0,0,0,0,0,0,0,0
Lampetra richardsoni,Hyperoartia,0,0,0,0,0,0,0,0,0,0,0,0,0,0,0,0,0,0,0,0,0,0,0,0,0,0,0,0,0,0,0,0,0,0,0,0,0,0,0,0,0,0,0,0,0,0,0,0,0,0,0,0,0,0,0,0,0,0,0,0,0,0,0,12,0,0,0,0,0,0,0,0,0,0,0,0,0,0,0,0,0,0,0,0,0,0,0,0,0,0,0,0,0,0,0
Homo,Mammalia,0,0,0,0,0,0,0,0,0,0,0,0,0,0,0,0,0,0,0,0,0,0,0,0,0,0,0,0,0,0,0,0,0,0,0,0,0,0,0,0,0,0,0,0,0,0,0,0,0,0,0,0,0,0,0,0,0,0,0,0,0,0,0,0,0,12,0,0,0,0,0,0,0,0,0,0,0,0,0,0,0,0,0,0,0,0,0,0,0,0,0,0,0,0,0
Oxylebius pictus,Actinopteri,0,0,0,0,0,0,0,0,0,0,0,0,0,0,0,0,0,0,0,0,0,0,0,0,0,0,0,0,0,0,0,0,0,0,0,0,0,0,0,0,0,0,0,0,0,0,0,0,0,0,0,0,0,0,0,0,0,0,0,0,0,0,0,0,0,0,77,0,0,0,0,0,0,0,0,0,0,0,0,0,0,0,0,0,0,0,0,0,0,0,0,0,0,0,0
Ronquilus jordani,Actinopteri,0,0,0,0,0,0,0,0,0,0,0,0,0,0,0,0,0,0,0,0,0,0,0,0,0,0,0,0,0,0,0,0,0,0,0,0,0,0,0,0,0,0,0,0,0,0,0,0,0,0,0,0,0,0,0,0,0,0,0,0,0,0,0,0,0,0,0,5,0,0,0,0,0,0,0,0,0,0,0,0,0,0,0,48,0,0,0,0,0,0,0,0,0,0,0
Salmo salar,Actinopteri,0,0,0,0,0,0,0,0,0,0,0,0,0,0,0,0,0,0,0,0,0,0,0,0,0,0,0,0,0,0,0,0,0,0,0,0,0,0,0,0,0,0,0,0,0,0,0,0,0,0,0,0,0,0,0,0,0,0,0,0,0,0,0,0,0,0,0,0,0,0,57,0,0,0,0,0,0,0,0,0,0,0,0,0,0,0,0,0,0,0,0,0,0,0,0
Oncorhynchus kisutch,Actinopteri,0,0,0,0,0,0,0,0,0,0,0,0,0,0,0,0,0,0,0,0,0,0,0,0,0,0,0,0,0,0,0,0,0,0,0,0,0,0,0,0,0,0,0,0,0,0,0,0,0,0,0,0,0,0,0,0,0,0,0,0,0,0,0,0,0,0,0,0,0,0,0,0,0,0,130,0,0,0,0,0,0,0,0,0,0,0,0,0,0,0,0,0,0,0,0
Micropterus,Actinopteri,0,0,0,0,0,0,0,0,0,0,0,0,0,0,0,0,0,0,0,0,0,0,0,0,0,0,0,0,0,0,0,0,0,0,0,0,0,0,0,0,0,0,0,0,0,0,0,0,0,0,0,0,0,0,0,0,0,0,0,0,0,0,0,0,0,0,0,0,0,0,0,0,0,0,0,0,0,0,0,0,0,0,0,82,0,0,0,0,0,0,0,0,0,0,0
Anoplagonus inermis,Actinopteri,0,0,0,0,0,0,0,0,0,0,0,0,0,0,0,0,0,0,0,0,0,0,0,0,0,0,0,0,0,0,0,0,0,0,0,0,0,0,0,0,0,0,0,0,0,0,0,0,0,0,0,0,0,0,0,0,0,0,0,0,0,0,0,0,0,0,0,0,0,0,0,0,0,0,0,0,0,0,0,0,0,0,0,0,136,0,0,0,0,0,0,0,0,0,0
Microstomus pacificus,Actinopteri,0,0,0,0,0,0,0,0,0,0,0,0,0,0,0,0,0,0,0,0,0,0,0,0,0,0,0,0,0,0,0,0,0,0,0,0,0,0,0,0,0,0,0,0,0,0,0,0,0,0,0,0,0,0,0,0,0,0,0,0,0,0,0,0,0,0,0,0,0,0,0,0,0,0,0,0,0,0,0,0,0,0,0,0,0,0,0,0,0,0,0,32,0,0,0
